parcel_id,date,project_name,address,neighborhood,ward,downtown_yn,housing_units,car_parking,bike_parking,parcel_area,university_yn,res_parking_elim_2015_yn,res_parking_reduced_2015_yn
2602924310063,2011-01-10,,1514 10th Ave S,Elliot Park,6,True,7,0,0,7245.89315517,False,False,True
0102824440106,2011-01-10,,3725 29th Ave S,Stanish Ericsson,12,False,64,74,80,38210.63183098,False,True,True
2702924430325,2011-01-10,Abbott Apartments,110 18th St E,Stevens Square,6,False,123,104,62,73747.49012334,False,True,True
3302924440363,2011-02-07,Track 29 Apartments,2813 Bryant Ave,Lowry Hill East,10,False,198,240,108,70847.10546467,False,True,True
3002923130105,2011-03-28,ENL House,3020 University Ave SE,Prospect Park,2,False,17,18,32,17999.99519895,True,False,False
1702823340059,2011-04-11,Riverview Senior Housing, 5100 54th St E,Nokomis East,12,False,42,42,21,52590.82877047,False,False,False
1702924110242,2011-05-23,, 2323 26th Ave N,Jordan,5,False,2,2,1,56782.70903004,False,True,True
0702823340165,2011-05-23,Oaks Station Place,3550 46th St E,Stanish-Ericsson,12,False,104,86,82,54748.57213412,False,True,True
2402924310036,2011-06-13,,1011 4th St SE,Marcy Holmes,3,False,12,18,40,14652.27123141,True,False,False
3002923230179,2011-06-27,The Edge on Oak,313 Oak St SE,Stadium Village,2,False,60,46,85,14720.71394655,True,False,False
2702924320010,2011-07-18,,430 Oak Grove St,Loring Park,7,True,78,83,78,37463.55116654,False,False,True
3302924440366,2011-07-18,Buzza Historic Lofts,1006 W Lake St,Lowry Hill East,10,False,137,139,140,58565.75285227,False,True,True
3302924440367,2011-07-18,,2821 Dupont Ave S,Lowry Hill East,10,False,217,246,217,21310.97307162,False,False,True
2202924120426,2011-08-15,,701 2nd St N,North Loop,3,True,100,113,100,44454.85287361,False,False,False
0702823440133,2011-08-15,, 4516 46th St E,Longfellow,12,False,48,44,48,5604.23851362,False,True,True
2602924120959,2011-08-29,Emanuel Housing,822 3rd St S,Mill District,3,True,101,0,25,17769.96693801,False,True,True
2302924110313,2011-09-19,,708 Central Ave NE,St. Anthony Main,3,False,105,106,105,41625.77453385,True,True,True
2202924410131,2011-09-19,,222 Hennepin Ave,Downtown West,3,True,287,347,150,110398.36530516,False,False,True
2302924210470,2011-09-19,,24 University Ave NE,St. Anthony Main,3,False,94,100,44,6891.47091581,False,True,True
3202924340654,2011-10-03,,3416 29th St W,Cedar Isles Dean,7,False,1,1,1,6580.2906105,False,False,True
0802824330179,2011-10-03,Elements of Linden Hills,4525 France Ave,Linden Hills,13,False,6,6,3,18877.96568994,False,False,False
2202924240704,2011-10-03,The Cameron,756 4th St N,North Loop,3,True,44,33,22,30041.25266792,False,False,True
2202924210053,2011-10-17,Third North Apartments,800 3rd St N,North Loop,3,True,205,188,205,53072.96226975,False,False,False
3002923240160,2011-10-17,Solhaus Tower,515 Huron Blvd SE,Stadium Village,2,False,75,38,75,20628.55013776,True,False,False
1102924440206,2011-11-14,Jackson Flats,1839 Jackson St NE,Logan Park,1,False,35,31,35,37625.31486048,False,True,True
2702924310130,2011-12-12,LPM Apartments,1368 LaSalle Ave,Loring Park,7,True,354,289,452,43391.36879228,False,False,True
2202924440122,2011-12-12,The Nic on 5th,465 Nicollet Mall,Downtown West,3,True,330,430,175,53499.5301082,False,False,True
3002923230179,2012-01-09,The Edge on Oak,313 Oak St SE,Stadium Village,2,False,65,46,85,14720.71394655,True,False,False
1702824230149,2012-01-09,The Waters on 50th,3500 W 50th St,Fulton,13,False,90,74,10,70852.13251211,False,False,False
3302924440371,2012-02-06,Lime,2900 Lyndale Ave S,Lowry Hill East,10,False,171,171,90,51127.96544799,False,True,True
2302924410220,2012-02-06,Mill and Main Phase I,501 Main St SE,St. Anthony Main,3,False,180,188,195,56256.45732136,True,False,False
0802824420029,2012-02-06,Linden Corner,4242 Upton Ave S,Linden Hills,13,False,40,60,20,3570.00053811,False,False,False
3302924430211,2012-02-21,The Walkway,1312 W Lake St,Lowry Hill East,10,False,92,107,46,36534.35686651,False,True,True
2202924131156,2012-03-05,Dock St Flats,337 Washington Ave N,North Loop,3,True,185,190,185,55150.70922888,False,False,False
2502924320620,2012-03-26,,620 20th Ave S,Cedar Riverside,6,False,4,8,4,1943.33288806,True,False,True
3502924430217,2012-03-26,Spirit on Lake,1238 E Lake S,Phillips,9,False,46,43,22,14282.69946366,False,True,True
2302924410215,2012-04-23,A Mill Artist Lofts,315 SE Main St,St. Anthony Main,3,False,255,204,383,145341.71898817,True,False,True
2202824210200,2012-04-23,Zest,5426 Nicollet Ave,Tangletown,11,False,45,58,46,19937.26812622,False,True,True
2202924410104,2012-04-23,Vèlo Flats,103 2nd St N,North Loop,3,True,106,136,106,29285.92893239,False,False,True
2402924310005,2012-05-21,The Knoll,1101 University Ave SE,Marcy Holmes,3,False,95,125,256,43321.05807534,True,False,False
0302824320328,2012-06-11,,3535 Grand Ave S,Lyndale,8,False,30,28,19,15541.30160738,False,False,False
2502924110007,2012-06-11,The Station on Washington,616 Washington Ave SE,Stadium Village,2,False,98,49,160,1987.6650626,True,False,False
2502924220388,2012-06-11,7West,1800 Washington Ave S,Seven Corners,6,False,214,104,289,91841.43682277,True,False,False
2202924440064,2012-06-25,Soo Line Building,101 S 5th St,Downtown West,7,True,255,0,128,16415.23279323,False,False,True
0502824220155,2012-06-25,Be at The Calhoun Greenway,3129 Ewing Ave S,West Calhoun,13,False,185,398,336,118909.95956731,False,False,True
2202924240098,2012-07-16,District 600,600 N 5th St,North Loop,5,True,78,74,78,16116.57097706,False,False,True
3302924430217,2012-07-30,Elan Uptown I,2837 Emerson Ave S,Lowry Hill East,10,False,219,275,219,84576.41516941,False,False,True
3302924430219,2012-07-30,Elan Uptown II,2838 Emerson Ave S,Lowry Hill East,10,False,168,189,183,60605.83047213,False,False,True
3002923230157,2012-08-13,WaHu,1016 Washington Ave SE,Stadium Village,2,False,333,336,800,34095.79839333,True,False,False
2402924320011,2012-08-13,The Elysian,412 8th Ave SE,Marcy Holmes,3,False,56,43,147,6327.11630436,True,False,False
2402924420135,2012-08-27,The Marshall,1313 5th St SE,Marcy Holmes,3,False,326,449,790,159859.37786626,True,False,False
2602924110115,2012-08-27,Stonebridge Lofts,1102 2nd St S,Mill District,3,True,169,307,169,95367.97766255,False,False,False
0902924130170,2012-09-19,E&L Supermarket and Deli,1122 Lowry Ave N,Folwell,4,False,3,3,0,10923.17155042,False,True,True
2202924120786,2012-09-19,Solhavn,815 N 2nd St,North Loop,3,True,137,173,276,42800.3671453,False,False,False
0802824420031,2012-10-01,Linden 43,4250 Upton Ave S,Linden Hills,13,False,18,40,18,4864.00250877,False,False,False
2402924420062,2012-10-15,Gould Apartments,501 15th Ave SE,Marcy Holmes,3,False,16,45,130,21978.40597526,True,False,False
3002923130106,2012-10-29,44 North,2634 4th St SE,Prospect Park,2,False,194,125,403,45253.61173259,True,False,False
2402924240088,2012-10-29,,525 10th Ave SE,Marcy Holmes,3,False,10,12,30,10989.19991448,True,False,False
2402924420135,2012-10-29,The Marshall,1313 5th St SE,Marcy Holmes,3,False,317,332,790,159859.37786626,True,False,False
3602924220117,2012-10-29,,2304 Snelling Ave,Seward,6,False,60,37,37,27018.11306865,False,False,True
2202924430064,2012-12-03,City Place Lofts,730 Hennepin Ave,Downtown West,7,True,55,0,28,8520.93645914,False,True,True
2302924340074,2012-12-03,Ceresota Building,155 5th Ave S,Mill District,7,True,117,0,78,50648.9754031,False,False,True
2302924130071,2012-12-03,,312 Central Ave SE,St. Anthony Main,3,False,81,81,99,54946.01772623,True,True,True
2202924240099,2013-01-07,Junction Flats,643 5th St N,North Loop,5,True,182,188,91,59438.31923809,False,False,True
3602924340053,2013-01-07,Lake Street Station,2230 E Lake St,East Phillips,9,False,64,18,32,43179.15852856,False,True,True
2402924420180,2013-01-22,,621 15th Ave SE,Marcy Holmes,3,False,12,16,38,13875.25537057,True,False,False
1002924210009,2013-01-22,,3442 Washington Ave N,McKinley,3,False,1,0,0,4301.277973,False,False,False
0402824310023,2013-01-22,,3448 Hennepin Avenue S,ECCO,10,False,1,0,0,6174.35300707,False,True,True
1502924140112,2013-01-22,Grain Belt Terraces,1219 Marshall Street NE,Sheridan,3,False,151,189,100,132199.61935182,False,False,True
2302924110104,2013-02-19,,720 Central Ave NE,Marcy Holmes,3,False,1,0,0,11988.22031047,True,True,True
3302924410020,2013-03-04,,2601 Colfax Ave S,Hawthorne,5,False,1,0,0,3415.51785637,False,False,True
2402924320041,2013-03-04,The Bridges,918 University Ave SE,Marcy Holmes,3,False,211,128,318,16701.8484165,True,False,False
2602924410075,2013-03-04,Five15 On the Park,1500 6th St S,Cedar Riverside,2,False,260,242,280,74917.05488079,True,False,True
2302924410220,2013-03-25,Mill and Main Phase II,501 Main St SE,St. Anthony Main,3,False,179,241,255,56256.45732136,True,False,False
2302924120244,2013-04-08,Red 20 Apartments,519 Central Ave NE,St. Anthony Main,3,False,130,136,130,37503.0136213,False,True,True
2702924440346,2013-04-08,The Rose,500 E Franklin Ave,Ventura Village,6,False,90,90,45,78517.30239558,False,True,True
2502924110012,2013-04-08,700 on Washington,700 Washington Ave SE,Stadium Village,2,False,98,49,164,21864.2146782,True,False,False
2302924120039,2013-04-22,La Pompadour,115 5th St NE,St. Anthony Main,3,False,22,13,12,11133.26110656,False,False,True
2202924140205,2013-05-06,The Paxon,324 N 1st St,North Loop,3,True,140,138,137,47761.08874031,False,False,True
2402924320063,2013-05-06,Cozē Flats,628 University SE,Marcy Holmes,3,False,40,25,54,10989.20497945,True,False,False
1602924230206,2013-05-06,West Broadway Crescent,2022 W Broadway,Jordan,5,False,54,61,61,14051.12348435,False,False,True
2402924130030,2013-05-20,,815 14th Ave SE,Marcy Holmes,3,False,36,34,100,21343.34057903,True,False,False
2202924210054,2013-05-20,Gurley Candy Factory,900 N 3rd St,North Loop,3,True,30,13,30,19860.70320017,False,False,False
2202924440094,2013-06-10,4Marq,400 Marquette Ave,Downtown West,3,True,262,217,262,15694.23498718,False,False,True
3502924440255,2013-06-10,Greenway Heights,2845 Bloomington Ave,East Phillips,9,False,42,39,39,26987.75763187,False,False,True
2402924420182,2013-06-24,The Venue at Dinkytown,1300 5th St SE,Marcy Holmes,3,False,140,62,247,44138.44707974,True,False,False
2402924420181,2013-06-24,,700 14th Ave SE,Marcy Holmes,3,False,202,174,643,41889.15049265,True,False,False
2402924420062,2013-08-26,Gould Apartments,1423 5th Street SE,Marcy Holmes,3,False,13,41,118,21978.40597526,True,False,False
2002924430140,2013-08-26,,296 Vincent Ave N,Bryn Mawr,7,False,3,6,0,7683.87094787,False,False,True
2202924240704,2013-09-16,The Cameron,756 4th St N,North Loop,3,True,44,33,22,30041.25266792,False,False,True
2302924330032,2013-09-16,Latitude 45,301 Washington Ave S,Mill District,3,True,320,153,219,47858.16825943,False,True,True
1702924110252,2013-10-28,Broadway Flats,2220 West Broadway,Jordan,5,False,103,96,76,80758.57714018,False,True,True
2602924220434,2013-11-12,EDITION,511 4th St S,Mill District,3,True,125,101,102,36430.09202026,False,False,True
2602924210141,2013-11-12,Wells Fargo Building 1,550 4th St S,Mill District,3,True,39,75,0,66966.47956791,False,False,True
2602924210167,2013-11-12,Wells Fargo Building 2,650 4th St S,Mill District,3,True,39,75,0,66694.17607006,False,False,True
0802824330179,2013-12-02,Elements of Linden Hills,4525 France Ave S,Linden Hills,13,False,31,41,36,18877.96568994,False,False,False
0702823240218,2013-12-02,Dight Lofts,4140 Dight Ave,Hiawatha,12,False,12,22,12,10959.34553638,False,False,False
2402924130005,2014-02-03,,1218 Como Ave SE,Como,2,False,8,11,23,4977.50950838,True,False,False
2302924340074,2014-02-03,Ceresota Building,155 5th Ave S,Mill District,7,True,57,0,29,50648.9754031,False,False,True
0802824410335,2014-03-24,,4255 Sheridan Ave S,Linden Hills,13,False,3,6,0,8449.75954194,False,False,False
2302924110313,2014-04-07,,700 Central Ave NE,Marcy Holmes,3,False,156,126,192,41625.77453385,True,True,True
0702823210148,2014-04-23,,3965 Minnehaha Ave,Howe,12,False,1,2,3,5099.16772565,False,False,True
2702924240040,2014-05-05,,1346 LaSalle Ave,Loring Park,7,True,15,0,10,31170.07686024,False,False,True
3302924340485,2014-05-05,16Twenty,1620 W Lake St,East Isles,10,False,6,6,2,11070.00100995,False,True,True
2302924210470,2014-06-23,Corner Apartments,24 University Ave NE,St. Anthony Main,3,False,57,51,44,6891.47091581,False,True,True
3202924440010,2014-06-23,,2622 W Lake St,Cedar Isles Dean,7,False,90,160,90,56276.22901828,False,True,True
2302924310467,2014-07-14,Mill City Quarter Phase 1,300 S 2nd St,Mill District,3,True,150,194,150,49742.0518483,False,True,True
2402924310086,2014-07-14,Riverton Community Housing,1227 4th St SE,Marcy Holmes,3,False,66,28,95,25641.47296309,True,False,False
1702924410001,2014-07-14,Commons at Penn Ave,1823 Penn Ave N,Willard-Hay,5,False,45,43,31,5193.29750501,False,True,True
0802824420032,2014-07-14,linden 43,4250 Upton Ave S,Linden Hills,13,False,20,38,20,20184.29592507,False,False,False
3302924110017,2014-08-11,Theater Garage Apartments,2004 Lyndale Ave S,Lowry Hill East,10,False,82,91,118,14344.19457223,False,True,True
3302924110099,2014-08-25,The Famous Orthghazi Project,2320 Colfax,Lowry Hill East,10,False,42,38,48,8824.59977938,False,True,True
2302924340720,2014-09-29,Mill City Quarter Phase 2,428 S 2nd St,Mill District,3,True,149,179,38,56514.6215271,False,False,True
2602924120970,2014-10-27,The Encore,935 S 2nd St,Mill District,3,True,124,182,124,31445.98362038,False,False,True
3302924340030,2014-11-10,Lagoon and Irving Apartments,1609 Lagoon Ave,East Isles,7,False,45,48,48,5534.99961139,False,True,True
2602924230764,2014-11-10,Portland Tower,516 8th St S,Elliot Park,7,True,112,201,112,27256.2802702,False,False,True
2202924120015,2015-01-26,NoLo,602 N 1st St,North Loop,3,True,30,55,55,7668.4294037,False,False,False
3302924330177,2015-03-16,Seventeen10,1710 W Lake St,East Isles,7,False,7,5,7,11070.00012203,False,True,True
3002923240161,2015-04-27,Brickhouse Lofts/Max Apartments,150 26th Ave SE,Prospect Park,2,False,313,167,480,108900.07121731,True,False,False
2402924210039,2015-04-27,,721 8th St SE,Marcy-Holmes,3,False,33,20,42,5503.85135422,True,False,False
0102824210127,2015-05-11,L&H Station Phase I,2225 E Lake St,Corcoran,9,False,115,94,115,276805.95221718,False,True,True
3302924330177,2015-05-11,Seventeen10,1710 W Lake St,East Isles,7,False,7,5,7,11070.00012203,False,True,True
1002924320199,2015-06-01,Hawthorne EcoVillage Apartments,617 Lowry Ave N,Hawthorne,5,False,75,69,65,55566.4276037,False,False,False
0302824320328,2015-06-01,,3535 Grand Ave S,Lyndale,8,False,24,18,24,15541.30160738,False,False,False
1102924320173,2015-06-01,Western Line on Second,2415 2nd St NE,Bottineau,3,False,7,7,7,732.63708752,False,True,True
2602924440097,2015-06-15,Anishinabe Bii Gii Wiin,1600 E 19th St,Ventura Village,6,False,32,20,20,54919.66870118,False,True,True
2302924120247,2015-07-06,Nord Haus,315 1st Ave NE,St. Anthony Main,3,False,278,290,241,137224.3030584,False,True,True
2302924340721,2015-07-06,East End,233 Park Ave,Mill District,3,True,183,159,183,19148.14386194,False,True,True
2702924320031,2015-07-06,Episcopal Commons,1730 Clifton Place,Loring Park,7,True,59,60,30,45419.7961524,False,True,True
2202924240106,2015-07-06,Variant,314 6th Ave N,North Loop,3,True,143,156,71,33786.56576971,False,False,True
0102824210122,2015-07-20,,3120 24th Ave S,Corcoran,9,False,135,151,92,112333.70039414,False,False,True
0702823230014,2015-07-20,,4041 Hiawatha Ave,Longfellow,12,False,78,71,78,79249.23745253,False,False,True
3302924430224,2015-07-20,,2809 Girard Ave S,Lowry Hill East,10,False,40,53,20,22201.48952276,False,True,True
2702924130296,2015-08-03,City Club,1004 Marquette Ave,Downtown,7,True,293,0,215,22299.07877075,False,False,True
2202924120015,2015-08-03,NoLo,602 N 1st St,North Loop,3,True,71,44,80,7668.4294037,False,False,False
3302924430228,2015-08-17,Revel,1300 W Lake St,Lowry Hill East,10,False,125,128,125,20720.69041969,False,True,True
0802824420031,2015-09-08,linden 43,4250 Upton Ave S,Linden Hills,13,False,29,36,36,4864.00250877,False,False,False
2202924440129,2015-09-08,365 Nicollet,365 Nicollet Mall,Downtown,3,True,368,367,184,45030.49283032,False,False,True
3402924420484,2015-10-05,,113 E 26th St,Whittier,10,False,70,46,67,29031.31233926,False,False,True
2202924410140,2015-10-19,Maverick,100 Hennepin Ave,Downtown West,3,True,156,33,90,50217.45704584,False,True,True
2202924410138,2015-10-19,Maverick,101 1st Ave N,North Loop,3,True,13,0,13,12709.34112102,False,False,True
3002923130029,2015-12-07,The Link,2929 University Ave SE,Prospect Park,2,False,336,276,562,127074.26855032,True,False,False
0302824230246,2016-01-11,The Amp House,3255 Garfield Ave S,Lyndale,8,False,4,3,0,5056.94320119,False,False,True
0402824210253,2016-01-11,,3041 Holmes Ave S,ECCO,10,False,9,18,18,11408.94410402,False,True,True
3002923310054,2016-01-11,,117 27th Ave SE,Prospect Park,2,False,195,140,450,88449.1071246,True,False,False
2702924320031,2016-01-25,Episcopal Commons,1730 Clifton Place,Loring Park,7,True,64,64,30,45419.7961524,False,True,True
2402924140139,2016-03-14,,823 15th Ave SE,Como,2,False,10,6,12,8661.74890979,True,False,False
2602924231080,2016-03-14,Kraus Anderson Block,501 S 8th St,Elliot Park,7,True,306,213,306,109449.20223003,False,False,True
2302924240109,2016-03-14,Nye's Development,112 E Hennepin Ave,St. Anthony Main,3,False,72,50,48,20143.55419984,False,True,True
3402924330210,2016-03-28,The Lyndy,2903 Harriet Ave S,Whittier,10,False,111,96,127,33895.07191307,False,True,True
3302924110070,2016-03-28,,2008 Bryant Ave S,Lowry Hill East,10,False,10,2,6,6731.17064474,False,True,True
2602924320345,2016-04-11,,1400 Park Ave,Elliot Park,7,True,245,288,126,78085.101412,False,False,True
1102924230136,2016-04-25,Marshall Flats,2525 2nd St NE,Marshall Terrace,1,False,36,9,8,21754.58414902,False,True,True
3402924420484,2016-04-25,,113 E 26th St,Whittier,10,False,70,46,65,29031.31233926,False,False,True
0302824320328,2016-05-09,,3535 Grand Ave S,Lyndale,8,False,24,18,24,15541.30160738,False,False,False
2602924110599,2016-05-23,The Legacy,1220 S 1st St,Mill District,3,True,374,686,374,185968.71055954,False,False,False
3602924220121,2016-05-23,The Bessemer at Seward,2200 Snelling Ave,Seward,6,False,121,95,117,54255.10816986,False,False,True
1602924140164,2016-06-27,Brix Grocery and Deli,915 W Broadway,Near North,5,False,3,0,4,4780.04366394,False,True,True
2702924210227,2016-06-27,PPL YouthLink,41 N 12th St,North Loop,5,True,17,15,50,40360.53404096,False,False,True
1202824120028,2016-06-27,,2707 E 38th St,Standish-Ericsson,12,False,53,44,53,5725.95838275,False,True,True
2502924140021,2016-06-27,The Hub,600 Washington Ave SE,Stadium Village,2,False,438,144,603,12046.45046235,True,False,False
2202924120125,2016-06-27,Borealis (the ACME lot),721 N 1st St,North Loop,3,True,124,222,200,35882.42880149,False,False,False
2402924240207,2016-06-27,Spectrum Apts and Townhomes,805 8th St SE,Marcy-Holmes,3,False,118,77,180,74004.44308694,True,False,False
2202824130109,2016-07-18,,5605 Nicollet Ave,Windom,11,False,6,3,3,5050.18518441,False,True,True
2602924240128,2016-08-01,First Covenant Apartments,815 6th St S,Elliot Park,6,True,159,131,86,92715.46509871,False,True,True
2302924130962,2016-08-29,Alia,200 Central Ave SE,St. Anthony Main,3,False,214,389,387,34711.30766119,True,True,True
2602924320345,2016-08-29,,1400 Park Ave,Elliot Park,7,True,246,289,126,78085.101412,False,False,True
0602823320126,2016-09-19,,3454 33rd Ave S,Longfellow,12,False,1,0,0,6446.27944554,False,False,True
2402924110152,2016-09-19,,1501 Como Ave SE,Como,2,False,30,12,39,10591.53959959,True,False,False
3302924110017,2016-10-17,Theater Garage Marquee Apts,2004 Lyndale Ave S,Lowry Hill East,10,False,113,99,57,14344.19457223,False,True,True
3402924330034,2016-10-17,Rana Village,2900 Pleasant Ave,Whittier,10,False,120,60,70,971.34793559,False,False,True
0202824120257,2016-10-17,The Lofts on East Lake,1405 E Lake St,Powderhorn Park,9,False,12,0,6,36851.22546455,False,True,True
2702924310035,2016-11-01,,12 W 15th St,Loring Park,7,True,75,34,99,6988.94468197,False,True,True
3502924140260,2016-11-14,,2517 Bloomington Ave,East Phillips,9,False,2,2,0,4769.63782225,False,False,True
3402924320423,2016-12-05,REX 26,2601 Lyndale Ave S,Whittier,10,False,77,78,78,31919.83653023,False,True,True
3002923240005,2016-12-05,,2618 Essex St SE,Prospect Park,2,False,25,9,33,8635.48595442,True,False,False
2702924410122,2017-01-09,The Aberdeen,1321 5th Ave S,Elliot Park,7,True,50,17,29,12814.47123086,False,False,False
0402824210185,2017-01-09,Tula,3009 Holmes Ave S,ECCO,10,False,71,39,90,5840.87951774,False,True,True
0402824420030,2017-01-23,,3453 Hennepin Ave,SOUP,10,False,3,0,0,5358.5971641,False,True,True
3002923130109,2017-02-06,Green on Fourth,2901 4th St SE,Prospect Park,2,False,243,195,310,70058.19907012,True,False,False
2602924120975,2017-02-21,Ironclad,811 Washington Ave S,Mill District,3,True,191,232,171,71732.49064392,False,True,True
3502924410263,2017-03-06,,2700 Cedar Ave S,East Phillips,9,False,1,1,0,7180.54308752,False,False,False
2102924340197,2017-03-20,Leef Block Redevelopment,221 Irving Ave N,Harrison,5,False,110,110,55,47795.23020306,False,False,True
3402924220278,2017-03-20,,2009 Lyndale Ave S,Whittier,10,False,75,34,66,14251.18633537,False,True,True
1502924140114,2017-04-10,,1319 Marshall St NE,Sheridan,3,False,110,47,78,6683.47833065,False,False,True
2202924240813,2017-04-24,Nordic House,729 Washington Ave N,North Loop,3,True,57,61,32,66840.54716313,False,False,True
2402924110207,2017-04-24,,1721 Como Ave SE,Como,1,False,3,5,11,6413.50638731,True,False,False
2302924340722,2017-05-08,205 Park,205 Park Ave,Mill District,3,True,122,138,61,36044.87229985,False,True,True
1502924140115,2017-05-22,Marshall St Apartments,1301 Marshall St NE,Sheridan,3,False,95,53,154,21480.12605871,False,False,True
0302824420044,2017-06-12,,3501 2nd Ave S,Central,9,False,49,20,33,5424.59677225,False,False,True
0402824120134,2017-06-26,,3145 Hennepin Ave,SOUP,10,False,25,15,18,5820.38957252,False,True,True
2702924310262,2017-06-26,,1500 Nicollet Ave,Loring Park,7,True,184,120,92,59255.46775813,False,True,True
3302924440123,2017-06-26,Raptor Nine Rooftop Lofts,2909 Bryant Ave S,Lowry Hill East,10,False,7,0,0,22224.96871716,False,True,True
2402924240103,2017-07-17,,915 6th St SE,Marcy Holmes,3,False,6,12,23,10516.27349059,True,False,False
3402924320423,2017-07-17,REX 26,2601 Lyndale Ave S,Whittier,10,False,86,103,86,31919.83653023,False,True,True
2202924230149,2017-07-17,Great River Landing,813 5th St N,North Loop,5,True,48,28,32,27883.75850435,False,False,True
1802823120096,2017-07-17,The Capp,3939 46th St E,Longfellow,12,False,146,124,146,55096.79723499,False,True,True
2302924120250,2017-07-17,Rafter,333 E Hennepin Ave,St. Anthony Main,3,False,282,272,142,31960.07289421,False,True,True
2402924240101,2017-07-17,,925 6th St SE,Marcy Holmes,3,False,8,12,24,26128.41087708,True,False,False
1702823340034,2017-07-31,Minnehaha Townhomes,5118 54th St E,Nokomis,12,False,16,16,8,6014.04019612,False,False,False
3402924210088,2017-08-14,,2201 Blaisdell Ave,Whittier,10,False,74,45,40,23907.04850763,False,True,True
1502924410020,2017-08-14,,80 Broadway St NE,St. Anthony West,3,False,98,49,118,16659.71740751,False,False,True
1402924320126,2017-08-28,,1001 2nd St NE,St. Anthony West,3,False,69,63,38,23608.17727444,False,True,True
3602924440118,2017-08-28,,2921 29th Ave S,Longfellow,2,False,6,5,0,7538.76930336,False,True,True
3602924440190,2017-08-28,,2912 30th Ave S,Longfellow,2,False,6,5,0,8224.3031161,False,False,True
3602924430020,2017-08-28,,2829 27th Ave S,Longfellow,2,False,6,5,0,7537.2070978,False,False,True
3202924430382,2017-09-18,3100 Lake,3100 W Lake St,Cedar-Isles Dean,7,False,200,185,100,70141.41780039,False,True,True
3002923130110,2017-10-02,Pillars of Prospect Park,3000 4th St SE,Prospect Park,2,False,283,117,58,71359.69443638,True,False,False
2302924140086,2017-10-02,,401 University Ave SE,Marcy Holmes,3,False,43,18,51,11033.33608442,True,False,True
0802824410338,2017-10-16,Eight on 44th,2620 W 44th St,Linden Hills,13,False,9,21,0,27080.98333851,False,False,False
3002923130040,2017-11-13,The Louis,3001 4th St SE,Prospect Park,2,False,70,37,88,30235.29920282,True,False,False
1102924320030,2017-12-04,2nd Street Townhomes,2407 2nd St Ne,Bottineau,3,False,10,12,24,20376.11814162,False,True,True
2202924410104,2017-12-04,Second on Second,128 2nd St N,North Loop,3,True,156,182,81,29285.92893239,False,False,True
0502824220034,2017-12-04,,3823 31st St W,West Calhoun,13,False,15,5,15,8769.42764323,False,False,True
2602924220435,2017-12-04,Thrivent Parking Wrap,625 4th Ave S,Downtown West,7,True,107,160,120,55709.8514004,False,False,False
1102924420171,2018-01-08,Hook and Ladder Apartments,2320 Jefferson St NE,Holland,1,False,118,118,108,102039.4952751,False,False,False
0302824130087,2018-01-08,,3329 Nicollet Ave,Lyndale,8,False,12,12,12,11248.8578795,False,True,True
2302924130039,2018-01-08,The Expo,200 University Ave SE,St. Anthony Main,3,False,372,396,591,6493.61960826,True,False,True
2302924140084,2018-01-22,,408 4th St SE,Marcy-Holmes,3,False,27,14,31,9077.42719436,True,False,True
3402924320424,2018-01-22,REX 26,2601 Lyndale Ave S,Whittier,10,False,97,113,105,31919.83653023,False,True,True
0802824410072,2018-01-22,The Cottages on Lake Harriet,4324 Lake Harriet Pkwy W,Linden Hills,13,False,4,6,6,6307.2999205,False,False,False
0402824210264,2018-01-22,Sons of Norway,1455 W Lake St,ECCO,10,False,319,254,183,104496.46154336,False,True,True
2402924130162,2018-02-05,Bunge Riverton/Maya Commons,937 13th Ave SE,Como,2,False,145,83,221,38906.84502815,True,False,False
3002923130026,2018-02-20,4th Street Lofts,2813 4th Street SE,Prospect Park,2,False,169,40,241,32563.53306656,True,False,False
0102824440073,2018-03-05,38th St Station,2922 38th St E,Standish,12,False,144,132,285,3513.41894144,False,True,True
3402924330215,2018-03-05,Rana Village,2900 Pleasant Ave S,Whittier,10,False,113,61,60,50869.98973523,False,True,True
1402924320087,2018-04-09,Marshall Apartments,829 Marshall St NE,St. Anthony West,3,False,29,12,28,10462.49140882,False,False,True
1702824320222,2018-04-09,Ewing Place Apartments,5048 Ewing Avenue S,Fulton,13,False,16,20,36,5060.14197456,False,False,False
2102924340197,2018-04-09,Leef Block Redevelopment,221 Irving Ave N,Harrison,5,False,100,104,62,47795.23020306,False,False,True
1402924140004,2018-04-09,Jackson Lofts,750 Jackson St NE,St. Anthony East,3,False,16,6,14,177440.29427876,False,True,True
0102824110028,2018-04-23,Minnehaha Commons,3001 E Lake St,Longfellow,2,False,44,3,22,16508.06070582,False,True,True
0402824440026,2018-04-23,,3612 Bryant Ave S,East Harriet,10,False,41,20,21,5418.10695572,False,True,True
2202924240815,2018-05-07,Bassett Creek East,747 3rd St N,North Loop,3,True,139,108,96,25007.81259049,False,False,True
2202924210446,2018-05-07,The Redwell,1000 N 3rd St,North Loop,3,True,129,46,59,27410.3461101,False,False,False
0702823230072,2018-06-11,,4155 Hiawatha Ave,Hiawatha ,12,False,43,0,40,24916.97343185,False,False,False
3402924330147,2018-06-11,,318 W Lake St,Whittier,10,False,44,0,26,7763.52984121,False,True,True
3002923240007,2018-06-11,Apt on Essex,2628 Essex St SE,Prospect Park,2,False,32,10,22,7661.97378017,True,False,False
2302924120248,2018-06-11,SP2,120 5th St NE,St. Anthony Main,3,False,333,290,183,99472.09831045,False,True,True
2502924430225,2018-06-11,Riverside Apartments,2510 Riverside Ave,Cedar-Riverside,2,False,85,55,90,17836.36595453,True,False,True
2702924140064,2018-06-11,12th St Apartments,228 12th St S,Loring Park,7,True,357,311,356,52532.69032649,False,False,True
1302924220094,2018-06-25,,1717 Central Ave S,Northeast Park,1,False,78,73,78,32142.47552664,False,True,True
2202924120789,2018-06-25,River Loop Apartments,800 1st St N,North Loop,3,True,225,256,224,571212.02250802,False,False,False
3402924310272,2018-06-25,Good Grocer,2644 Nicollet Ave,Whittier,10,False,80,55,80,22845.27090844,False,True,True
3002923410021,2018-06-25,Art and Architecture Building,3350 University Ave SE,Prospect Park,2,False,208,267,109,13828.97942513,True,False,False
1102924410221,2018-06-30,,2323 Jackson St NE,Holland,1,False,65,32,35,17874.80130055,False,True,True
2702924310263,2018-07-16,1410 Loring,1400 Nicollet Ave,Loring Park,7,True,232,160,155,53014.82651759,False,True,True
2602924230105,2018-07-16,Park 7 Apartments,615 S 7th St,Elliot Park,7,True,61,0,31,17319.61146951,False,False,True
0802824410072,2018-07-16,The Cottages on Lake Harriet,4324 Lake Harriet Pkwy W,Linden Hills,13,False,5,6,9,6307.2999205,False,False,False
1302924330110,2018-07-16,Abdulle Cluster Development,415 Taylor St NE,Beltrami,3,False,6,12,6,2957.99273051,False,False,True
3402924330213,2018-07-16,,410 W Lake St,Whittier,10,False,111,52,111,22439.23214515,False,True,True
0502824220163,2018-07-16,Calhoun Towers,3404 List Place,West Calhoun,13,False,744,658,421,193410.96847496,False,True,True
2602924330122,2018-07-30,Apartments at Franklin and Park,1925 Park Ave,Ventura Village,6,False,43,18,24,15634.02537105,False,True,True
1002924320077,2018-07-30,Greenbelt Homes,3020 6th St N,Hawthorne,5,False,11,11,0,6446.20082587,False,False,False
1702823330433,2018-08-13,Oaks Minnehaha,5310 Minnehaha Ave,Minnehaha,12,False,109,69,72,51906.48301954,False,False,True
1502924110181,2018-08-13,,1625 Marshall St NE,Sheridan,1,False,8,7,5,6440.44382818,False,False,True
2602924120973,2018-08-13,Ox-Op Gallery and Residences,1111 Washington Ave S,Downtown East,3,True,153,103,206,24647.7199717,False,False,True
1702823330434,2018-08-13,Oaks Longfellow,5363 Minnehaha Ave,Minnehaha,12,False,68,60,50,25239.15543452,False,False,False
1402924440244,2018-08-27,701 Central Apartments,701 Central Ave NE,St. Anthony Main,3,False,159,102,244,31547.16661795,False,True,True
3302924430125,2018-09-17,Arby's Island,1116 W Lake St,SOUP,10,False,180,155,176,34955.0011358,False,True,True
2702924430010,2018-10-01,,1735 Nicollet Ave,Stevens Square,6,False,146,86,96,5651.70716423,False,True,True
2702924241551,2018-10-15,H. Alden Smith House and Apartments,1400 Yale Place,Loring Park,7,True,87,76,82,32603.06315542,False,False,True
1402924140110,2018-10-15,14th Ave Apartments,904 14th Ave NE,Logan Park,1,False,175,140,75,119560.04873186,False,True,True
2302924440026,2018-10-15,Eleven,1101 W River Parkway,Mill District,3,True,124,297,62,51801.86864625,False,False,False
1302924430051,2018-11-13,,1101 Hennepin Ave E,Como,1,False,56,25,56,18372.71175069,True,False,False
2602924220094,2018-11-13,,501 7th St S,Elliot Park,7,True,150,69,174,27265.45569434,False,False,True
2602924230147,2018-11-13,The Larking,813 Portland Ave S,Elliot Park,7,True,350,289,192,49632.12354737,False,False,True
2202924410144,2018-11-13,240 Hennepin,240 Hennepin Ave,Downtown West,3,True,355,356,353,42412.56122415,False,False,True
2202924410217,2018-11-13,Gateway Tower,30 S 3rd St,Downtown West,3,True,22,22,22,74386.01034336,False,False,True
2302924340727,2018-11-13,240 Park,240 Park Ave,Mill District,3,True,205,237,107,32884.55390235,False,True,True
2402924220503,2018-11-13,,815 6th Ave SE,Marcy Holmes,3,False,51,23,55,17551.18800864,True,False,False
2402924220157,2018-11-13,9th Street Flats,334 9th St SE,Marcy Holmes,3,False,15,7,15,8471.3413789,True,False,True
0202824210231,2018-11-13,Los Ocampo,809 E Lake St,Powderhorn Park,9,False,48,0,24,12970.05378376,False,True,True
3402924420373,2018-11-13,,2645 1st Ave,Whittier,10,False,51,23,32,15000.69152038,False,False,True
3502924320146,2018-11-13,,2733 Park Ave,West Phillips,6,False,10,15,14,51179.17076701,False,False,True
2402924140064,2018-11-13,,934  15th Ave SE,Como,2,False,12,16,48,7482.88342437,True,False,False
1802823120082,2018-12-03,Hiawatha Ave Apartments,4757 Hiawatha Ave,Longfellow,12,False,85,68,95,19193.10614523,False,False,True
0702823430214,2018-12-03,,4553 Minnehaha Ave,Hiawatha ,12,False,54,27,47,15562.09319384,False,True,True
1202824210260,2018-12-03,,2325 E 38th St,Standish,12,False,63,31,65,19208.37920242,False,True,True
2402924310330,2018-12-03,,1202 4th St SE,Marcy Holmes,3,False,114,67,307,34126.10552759,True,False,False
0802824410338,2018-12-03,44th at Harriet,2620 W 44th St,Linden Hills,13,False,36,36,64,27080.98333851,False,False,False
3302924440373,2019-01-14,,2932 Bryant Ave S,Lowry Hill East,10,False,91,61,46,17602.92078732,False,True,True
2702924340169,2019-01-14,Lydia Apartments,1920 LaSalle Ave,Stevens Square,7,False,40,25,21,38325.0635172,False,True,True
1302924340050,2019-01-14,,901 Winter St NE,Beltrami,3,False,20,20,20,20800.36660696,False,False,False
2202924140049,2019-01-14,The Archive,120 1st St N,North Loop,3,True,198,315,358,22527.19830284,False,False,True
2702924340009,2019-01-28,,1724 Nicollet Ave,Stevens Square,7,False,123,62,62,11884.57230574,False,True,True
0902924420172,2019-02-11,Buzza Lofts 2,2915 Dupont Ave,Lowry Hill East,10,False,135,135,136,5719.94106732,False,True,True
3002923140068,2019-02-11,Malcolm Yards 1,445 Malcolm Ave SE,Prospect Park,2,False,285,122,340,57439.7340651,True,False,False
0302824220075,2019-02-25,,601 Lake St W,Lyndale,8,False,46,11,46,8422.74761839,False,True,True
1302924120007,2019-03-11,,1501 Johnson St NE,Northeast Park,1,False,164,168,83,97276.24545226,False,False,False
2602924210183,2019-03-11,Block One,740 4th St S,Mill District,3,True,342,120,250,109449.44407902,False,True,True
0102824210127,2019-03-11,L&H Station Phase II,2225 Lake St E,Corcoran,9,False,432,271,217,276805.95221718,False,True,True
2402924240094,2019-03-25,First Covenant Apartments,815 6th St S,Elliot Park,6,True,169,185,86,10989.20319759,True,False,False
2902924410018,2019-03-25,,1040 Como Ave SE,Como,2,False,29,17,20,2183.9996202,False,False,True
1702924140239,2019-04-15,Penn Avenue Union,2200 Golden Valley Rd,Willard-Hay,5,False,64,40,46,38996.98153161,False,True,True
3402924110148,2019-04-15,,2210 4th Ave S,Whittier,10,False,19,6,12,11630.27096439,False,False,True
1702824320227,2019-04-15,,5043 Ewing Ave S,Fulton,13,False,2,2,0,5118.41426422,False,False,False
3502924140260,2019-04-29,,2517 Bloomington Ave,East Phillips,9,False,7,0,8,4769.63782225,False,False,True
3302924330025,2019-05-13,,1721 Lagoon Ave,East Isles,7,False,4,4,0,5534.99961139,False,True,True
0402824220035,2019-05-13,,3021 E Calhoun Pkwy,ECCO,10,False,17,18,18,5806.32887299,False,True,True
2202924141058,2019-05-13,310 Lofts,310 N 2nd St,North Loop,3,True,60,97,60,17431.83764498,False,False,False
3602924220122,2019-05-13,Mino-bimaadiziwin,2015 Cedar Ave S,Ventura Village,6,False,110,59,50,64180.5624034,False,False,True
3602924430100,2019-05-13,,2913 26th Ave S,Longfellow,2,False,190,104,99,41959.15499277,False,False,True
2402924310095,2019-05-13,,1121 4th St SE,Marcy Holmes,3,False,64,16,64,10989.20401766,True,False,False
3302924430018,2019-06-03,,2810 Fremont Ave S,Lowry Hill East,10,False,10,2,6,5772.90936848,False,False,True
1302824220036,2019-06-03,Bergan's SuperValu,4715 Cedar,Standish-Ericsson,12,False,130,130,90,23246.85953856,False,False,False
2302924140133,2019-06-03,Expo Low Rise,311 2nd St,Marcy Holmes,3,False,574,827,795,30841.13034008,True,False,True
0802824330103,2019-06-17,,4418 Beard Ave S,Linden Hills,13,False,42,22,26,8199.95136978,False,False,False
0302824230246,2019-06-17,The Amp House,3255 Garfield Ave S,Lyndale,8,False,12,0,8,5056.94320119,False,False,True
3402924330165,2019-06-17,,601 28th St W,Whittier,10,False,67,40,40,11052.82933911,False,True,True
2402924210045,2019-07-08,Halo Hotel and Apts,711 8th St SE,Marcy Holmes,3,False,48,13,48,27123.92912588,True,False,False
3602924220121,2019-07-08,The Bessemer,2200 Snelling Ave,Seward,6,False,128,77,154,54255.10816986,False,False,True
3402924240113,2019-07-08,,2542 Blaisdell Ave,Whittier,10,False,146,92,106,12866.23268242,False,False,True
0502824210226,2019-07-08,Excelsior and Lake,3012 Excelsior Blvd,West Calhoun,13,False,20,20,24,27747.2741521,False,True,True
0502824220159,2019-07-22,Greenway 31,3818 W 31st St,West Calhoun,13,False,49,45,29,14870.3937862,False,False,True
2602924240113,2019-08-05,Parkside Residential,825 8th St S,Elliot Park,6,True,119,31,54,13667.17261042,False,True,True
1402924320154,2019-08-19,,1018 Main St NE,St. Anthony West,3,False,113,67,158,26713.3802557,False,True,True
1102924420130,2019-08-19,,2201 Jefferson St NE,Holland,1,False,112,119,236,40571.95554644,False,False,False
3002923240006,2019-08-19,,2624 Essex St SE,Prospect Park,2,False,5,0,20,4508.63411044,True,False,False
2402924410024,2019-08-19,,1611 8th St SE,University,2,False,20,0,80,24471.06760651,True,False,False
2202924140147,2019-08-19,TMBR,100 3rd Ave N,North Loop,3,True,66,87,33,20105.01909506,False,False,True
3302924430225,2019-08-19,,2824 Girard Ave S,Lowry Hill East,10,False,76,43,43,16261.81248444,False,True,True
0402824130050,2019-08-19,,3224 Girard Ave S,SOUP,10,False,77,38,77,5384.67380366,False,True,True
3302924420244,2019-08-19,,2701 Girard Ave S,Lowry Hill East,10,False,85,50,50,23692.92700279,False,True,True
1402924320157,2019-08-19,,1011 Main St NE,St. Anthony West,3,False,175,113,230,46251.5558747,False,True,True
1002924410180,2019-09-23,Gateway Northeast,2435 Marshall St NE,Bottineau,3,False,128,97,115,47270.66941044,False,True,True
2202924440130,2019-09-23,315 Nicollet,315 Nicollet Mall,Downtown West,3,True,369,347,185,64152.72481663,False,False,True
1502824220255,2019-10-07,Fullertown Flats,4736 Grand Ave,Tangletown,11,False,23,10,12,10682.43610672,False,False,False
1802823120097,2019-10-07,Portico,4721 Minnehaha Ave,Hiawatha,12,False,26,27,13,18055.55798329,False,False,True
2202924410217,2019-10-07,Gateway Tower,30 S 3rd St,Downtown West,3,True,36,72,23,74386.01034336,False,False,True
2202924410036,2019-10-07,Bimosedaa,16 4th St N,Downtown West,3,True,48,0,24,5319.77349973,False,False,True
0302824320170,2019-10-07,,3525 Lyndale Ave S,Lyndale,8,False,6,4,6,5494.05601323,False,False,True
3002923240161,2019-10-21,Brickhouse Lofts/Max Apartments,150 26th Ave SE,Prospect Park,2,False,166,157,290,108900.07121731,True,False,False
1602924410161,2019-10-21,Satori,825 W Broadway Ave,Near North,5,False,112,72,60,47299.08185295,False,True,True
1402924410217,2019-11-04,Jackson Lofts,750 Jackson St NE,St. Anthony East,3,False,20,0,10,10241.48557967,False,True,True
0502824220160,2019-11-04,Calhoun Towers,3404 List Place,West Calhoun,13,False,744,569,422,193410.96847496,False,True,True
2102924430043,2019-11-18,,255 Girard Ave N,Harrison,5,False,95,80,75,4727.29744277,False,False,True
1402924330063,2019-11-18,,521 Main St NE,St. Anthony West,3,False,29,14,15,13499.1244781,False,True,True
2102924230253,2019-11-18,,910 Oliver Ave N,Near North,5,False,6,4,0,8000.82446504,False,False,True
2602924420059,2019-11-18,Elliot Twins,1212 9th St S,Elliot Park,6,True,10,0,23,95556.96948315,False,False,True
1502924140108,2019-12-09,,1428 Marshall St NE,Sheridan,3,False,7,15,17,11067.22444464,False,False,True
0202824420129,2019-12-09,,3528 Bloomington Ave,Powderhorn Park,9,False,2,0,0,6220.67464013,False,False,False
2202924410144,2020-01-13,270 Hennepin,240 Hennepin Ave,Downtown West,3,True,346,328,353,42412.56122415,False,False,True
3602924440163,2020-01-13,,2914 30th Ave S,Longfellow,2,False,6,4,6,8224.33357645,False,False,True
2602924240137,2020-01-13,Strutwear Building,1010 S 7th St,Elliot Park,6,True,179,286,18,109278.40295516,False,False,True
2302924110313,2020-01-13,,708 Central Ave NE,St. Anthony Main,3,False,71,127,192,41625.77453385,True,True,True
2902924130070,2020-01-27,Wirth on the Woods Phase I,2800 N Wayzata Blvd,Bryn-Mawr,7,False,201,200,130,103542.62532724,False,False,True
2402924130117,2020-02-10,,813 12th Ave SE,Marcy Holmes,3,False,4,0,20,5959.86085007,True,False,False
1202824110257,2020-02-10,,3801 Hiawatha Ave,Howe,12,False,102,45,52,36864.71104865,False,True,True
3002923410021,2020-02-10,Art and Architecture Building,3350 University Ave SE,Prospect Park,2,False,256,237,109,13828.97942513,True,False,False
0702823320001,2020-02-10,,3115 E 42nd St,Standish Ericsson,12,False,30,0,16,9847.38564214,False,False,False
2202924130059,2020-02-10,Duffey Paper Block 1.0,528 Washington Ave N,North Loop,3,True,188,118,106,34099.27245696,False,False,False
2802924440005,2020-02-24,Vision Loss Resources,1936 Lyndale Ave S,Lowry Hill East,10,False,242,238,252,90705.01364799,False,True,True
2702924241551,2020-04-13,H. Alden Smith House and Apartments,1400 Yale Place,Loring Park,7,True,125,66,130,32603.06315542,False,False,True
3302924140065,2020-04-13,,911 W 24th St,Lowry Hill East,10,False,1,1,0,5732.7691071,False,True,True
2802924440544,2020-04-13,Peris Hill,1930 Hennepin Ave,Lowry Hill,7,False,45,5,44,11354.50979666,False,True,True
2302924340735,2020-04-13,240 Portland,240 Portland Ave,Mill District,3,True,328,226,330,62983.45431743,False,True,True
3502924440258,2020-04-13,Dakar Building,1626 E Lake St,East Phillips,9,False,36,0,18,13145.30252682,False,True,True
2202924420127,2020-05-11,North Loop Green,405 4th Ave N,North Loop,3,True,356,348,411,7912.0268645,False,False,True
2602924111658,2020-05-11,,200 12th Ave S,Mill District,3,True,225,215,123,33709.72970006,False,False,False
3402924330212,2020-05-11,,520 W Lake St,Whittier,10,False,95,58,58,18021.44769161,False,True,True
3402924330214,2020-05-11,,510 W Lake St,Whittier,10,False,132,55,139,23450.36065719,False,True,True
2602924440096,2020-06-15,Anishanabe III,1600 E Franklin Ave,Ventura Village,6,False,40,25,18,41578.46105419,False,True,True
0302924440102,2020-06-15,,2911 Grand St NE,Marshall Terrace,1,False,6,0,8,7881.20571756,False,True,True
2402924310097,2020-06-15,,1127 4th St SE,Marcy Holmes,3,False,60,15,60,7659.14164702,True,False,False
2102924420127,2020-06-15,Olson Apartments,1301 Olson Memorial Hwy,Harrison,5,False,92,63,80,52520.23260676,False,True,True
3302924420048,2020-06-15,,2641 Fremont Ave S,Lowry Hill East,10,False,1,0,0,5155.21008791,False,False,True
1602924410161,2020-06-15,Satori Lofts,909 W Broadway Ave,Near North,5,False,26,9,18,47299.08185295,False,True,True
0402824420208,2020-06-15,HC2,3501 Hennepin Ave,CARAG,10,False,74,92,40,10296.92890144,False,True,True
2602924220449,2020-06-15,Thrivent Block Phase II,501 6th St S,Elliot Park,7,True,240,103,247,66220.25831497,False,False,True
3502924330010,2020-06-15,Park Ave Flats,2806 Park Ave,Phillips West,6,False,40,0,36,6453.17467441,False,False,True
2802924430292,2020-06-15,,1820 Girard Ave S,Lowry Hill,7,False,1,0,0,13514.96730459,False,False,False
0102824120058,2020-06-15,,3136 Minnehaha Ave,Longfellow,9,False,18,0,55,7501.31968781,False,False,True
1402924340153,2020-07-06,,400 2nd St NE,St. Anthony West,3,False,49,24,27,16554.76570889,False,True,True
2302924210089,2020-07-06,,336 2nd St NE,St. Anthony West,3,False,49,29,27,18501.62623339,False,True,True
3402924110149,2020-07-06,,2316 4th Ave S,Whittier,10,False,72,22,60,20779.65934775,False,False,True
0302824440214,2020-07-06,Sabathani Community Center,310 38th St E,Central,8,False,48,30,24,196444.01585802,False,False,True
0702823340168,2020-07-06,Snelling Yards,3601 East 44th St,Hiawatha,12,False,210,135,106,76730.6123271,False,True,True
1002824310259,2020-07-06,The Aubrey,4220 Nicollet Ave,Kingfield,8,False,47,32,40,14548.11901857,False,True,True
1402924140043,2020-07-06,,1200 Central Ave NE,Logan Park,1,False,111,67,52,29437.36359619,False,True,True
0702823340141,2020-07-20,Amber Apartments,4527 Hiawatha Ave,Hiawatha,12,False,81,25,40,44087.3366143,False,True,True
1902923230125,2020-07-20,,1800 Como Ave,Como,2,False,8,8,40,5995.29918517,True,False,False
2402924140141,2020-07-20,801 15th Ave SE,800 14th Ave SE,Marcy Holmes,3,False,274,190,862,51414.4677843,True,False,False
1302924230043,2020-07-20,13th and Tyler Apartments,950 13th Ave NE,Northeast Park,1,False,118,92,90,33990.12927633,False,True,True
1902923120052,2020-08-03,,1104 25th Ave SE,Como,1,False,4,3,20,5047.11406938,True,False,False
1902923120053,2020-08-03,,1108 25th Ave SE,Como,1,False,4,4,20,5047.50106837,True,False,False
1602924240219,2020-08-03,,1706 W Broadway,Jordan,5,False,20,40,20,41687.95371316,False,True,True
1602924230250,2020-08-03,,1808 W Broadway,Jordan,5,False,72,83,36,61316.67649137,False,True,True
2402924420184,2020-09-08,Dinkytown McDonalds,407 15th Ave SE,Marcy Holmes,3,False,308,258,846,75081.84466777,True,False,False
0202824110284,2020-09-08,Bloom Lake Flats,3020 16th Ave S,Powderhorn Park,9,False,42,23,27,38892.57942807,False,True,True
1802823330026,2020-09-08,,5200 34th Ave S,Keeywaydin,12,False,19,5,10,7565.2595462,False,False,False
3402924130009,2020-09-21,,2413 1st Ave S,Whittier,10,False,6,4,3,5887.34913039,False,True,True
2102924340090,2020-09-21,Currie Commons,187 Humboldt Ave N,Harrison,5,False,187,199,187,72367.21106649,False,False,True
1502924240081,2020-09-21,Broadway Pizza Apartments,2025 West River Rd N,Hawthorne,5,False,163,163,146,105786.73027333,False,False,True
0402824120101,2020-10-05,Joyce Memorial Methodist Church,1219 W 31st St,SOUP,10,False,34,0,17,11619.84118309,False,False,True
3002923140068,2020-10-05,Malcolm Yards 1,445 Malcolm Ave SE,Prospect Park,2,False,348,210,420,57439.7340651,True,False,False
2102924340212,2020-10-05,LEEF Townhomes,164 Cedar Lake Rd,Harrison,5,False,17,20,17,521.81058961,False,False,True
1002924410181,2020-10-05,,2301 California St NE,Bottineau,3,False,164,164,93,111845.05963823,False,True,True
1002824420178,2020-10-19,Curran's Redevelopment,4207 Nicollet Ave,Kingfield,8,False,79,37,70,15844.49162084,False,True,True
2202924140147,2020-10-19,TMBR Redux,110 3rd Ave N,North Loop,3,True,107,71,102,20105.01909506,False,False,True
2402924210045,2020-10-19,Halo Apartments Redux,711 8th St SE,Marcy Holmes,3,False,138,60,156,27123.92912588,True,False,False
2702924340009,2020-10-19,,1724 Nicollet Ave,Stevens Square,7,False,129,64,56,11884.57230574,False,True,True
2402924130035,2020-11-02,,1129 8th St SE,Marcy Holmes,3,False,4,3,16,5490.15224061,True,False,False
2302924120252,2020-11-02,HenCen Apartments,420 Hennepin Ave E,St. Anthony,3,False,229,201,230,29422.68907784,False,True,True
3302924430135,2020-11-02,Old Chicago Site,2841 Hennepin Ave,Lowry Hill East,10,False,144,99,224,32108.06390398,False,True,True
0302824340184,2020-11-16,Sundial Apartments,15 W 37th St,Kingfield,8,False,12,0,6,7178.96571813,False,True,True
1802823120094,2020-11-16,Lowa Phase II,4120 Nawadaha Blvd,Hiawatha,12,False,144,116,72,62950.13543101,False,False,True
2402924420092,2020-11-16,,1316 7th St SE,Marcy Holmes,3,False,4,7,20,9157.66833326,True,False,False
0402824140120,2020-12-07,,3308 Lyndale Ave S,SOUP,10,False,4,4,0,4752.52757519,False,False,True
0302824110237,2020-12-07,,3101 4th Ave S,Central,9,False,3,3,3,6733.63551092,False,False,True
3402924340304,2020-12-07,Karmel Square,200 W Lake St,Whittier,10,False,113,120,83,63968.27699643,False,True,True
1102924420163,2021-01-11,,636 22nd Ave NE,Holland,1,False,10,10,5,13637.20048785,False,False,False
3402924430035,2021-01-11,,112 Lake St E,Whittier,10,False,13,6,13,5401.34754819,False,True,True
1802823120043,2021-01-11,,4601 Minnehaha Ave,Hiawatha,12,False,123,76,146,13035.55440061,False,True,True
1102924430078,2021-01-25,Foundry19,655 19th Avenue NE,Holland,1,False,3,2,0,73297.34853135,False,False,False
2302924340735,2021-01-25,240 Portland,240 Portland Ave,Mill District,3,True,318,243,282,62983.45431743,False,True,True
2302924130962,2021-01-25,200 Central,200 Central Ave SE,St. Anthony Main,3,False,360,222,364,34711.30766119,True,True,True
0102824110112,2021-02-08,,2815 Lake St E,Longfellow,2,False,8,4,4,6981.36291634,False,True,True
2402924420031,2021-02-08,,410 13th Ave SE,Dinkytown,3,False,81,72,234,1998.03601207,True,False,False
3402924240200,2021-02-22,,2401 Pillsbury Ave,Whittier,10,False,5,4,10,13294.78452753,False,True,True
2202924410143,2021-03-08,21 N Washington,21 N Washington Ave,Downtown West,3,True,427,332,445,17680.93901224,False,False,True
0702823220016,2021-03-08,,3840 Minnehaha Ave,Howe,12,False,1,1,0,5998.62402839,False,False,True
1102924230140,2021-03-22,,125 Lowry Ave NE,Marshall Terrace,1,False,209,156,106,43362.94141519,False,True,True
0302824130171,2021-04-12,,3301 Nicollet Ave,Lyndale,8,False,64,10,41,11683.57645535,False,True,True
0302824430100,2021-04-26,,3601 Nicollet Ave,Kingfield,8,False,52,18,52,12586.1810809,False,True,True
2202924120117,2021-04-26,,724 1st St N,North Loop,3,True,49,0,23,9719.1474339,False,False,False
1302924230043,2021-05-10,13th and Tyler Apartments,950 13th Ave NE,Northeast Park,1,False,129,106,90,33990.12927633,False,True,True
2102924430125,2021-05-10,,1207 Glenwood Ave,Harrison,5,False,126,72,94,31558.73470376,False,False,True
2402924210046,2021-05-10,American Spirit,801 9th St SE,Marcy Holmes,3,False,113,52,111,115426.92478966,True,False,False
0402824130168,2021-05-10,,3331 Hennepin Ave,SOUP,10,False,11,3,18,5111.34865961,False,True,True
0502824210226,2021-06-28,Excelsior and Lake,3012 Excelsior Blvd,West Calhoun,13,False,74,104,40,27747.2741521,False,True,True
1702824320198,2021-07-19,,5015 France Ave,Fulton,13,False,16,32,16,10517.0138649,False,False,False
3302924110193,2021-07-19,,2003 Aldrich Ave,Lowry Hill East,10,False,46,11,47,9464.26290203,False,True,True
3502924340133,2021-08-02,Midtown Sheraton,2901 Chicago Ave S,Midtown Phillips,9,False,137,0,31,34899.1308848,False,True,True
2402924310047,2021-08-02,,1018 4th St SE,Marcy Holmes,3,False,4,0,24,5194.89301393,True,False,False
2902924130070,2021-08-16,Wirth on the Woods Phase II,2800 N Wayzata Blvd,Bryn-Mawr,7,False,156,219,156,103542.62532724,False,False,True
0402824110151,2021-09-09,,3128 Bryant Ave S,SOUP,10,False,12,0,13,5900.20293465,False,True,True
2402924240209,2021-09-09,,621 10th Ave SE,Marcy Holmes,3,False,6,6,36,13441.16957877,True,False,False
2402924110225,2021-09-20,,1112 16th Ave SE,Como,1,False,4,6,18,9546.32628466,True,False,False
0402824110151,2021-09-20,,3128 Bryant Ave S,SOUP,10,False,12,0,14,5900.20293465,False,True,True
2202924130004,2021-10-04,Duffey Paper Block 2.0,300 6th Ave N,North Loop,3,True,345,322,373,18395.99002033,False,False,True
1402924320131,2021-10-18,,1000 Main St NE,St. Anthony West,3,False,49,13,50,13032.41783934,False,False,True
3502924340761,2021-10-18,Greenway Apartments,2837 11th Ave S,Midtown Phillips,9,False,86,62,82,35311.86413698,False,False,True
2402924130081,2021-10-18,,715 13th Ave SE,Marcy Holmes,3,False,4,3,24,6871.26995502,True,False,False
2802924410845,2021-11-01,,35 Groveland Terr,Lowry Hill,7,False,4,4,4,12644.71082662,False,False,True
1402924340156,2021-11-01,,401 Main St NE,St. Anthony West,3,False,31,15,31,11071.18775291,False,True,True
1702824230160,2021-11-01,France 50,4901 France Ave S,Fulton,13,False,45,52,79,32255.48702378,False,False,False
1402924340153,2021-11-15,,400 2nd St NE,St. Anthony West,3,False,83,48,80,16554.76570889,False,True,True
0802824340237,2021-11-15,,3401 W 44th St,Linden Hills,13,False,32,26,46,14716.3203333,False,False,False
0102824340175,2021-11-15,MPHA Family Housing Expansion Site 12,2220 38th St E,Standish,12,False,6,3,6,8457.94703059,False,True,True
3402924310277,2021-11-15,,2609 Blaisdell Ave,Whittier,10,False,40,40,40,102195.87480388,False,True,True
1602824320126,2021-11-15,MPHA Family Housing Expansion Site 8,5139 Penn Ave S,Lynnhurst,13,False,6,3,6,10194.76228612,False,False,True
3602924210093,2021-11-15,MPHA Family Housing Expansion Site 15,2021 24th Ave S,Seward,6,False,4,3,6,7784.81606622,False,True,True
3602924210062,2021-11-15,MPHA Family Housing Expansion Site 5,2015 23rd Ave S,Seward,6,False,6,6,6,10540.61582091,False,True,True
1602924320148,2021-11-15,MPHA Family Housing Expansion Site 11,1600 Penn Ave N,Willard-Hay,5,False,6,6,6,5986.15449273,False,True,True
2402924130089,2021-11-15,,716 12th Ave SE,Marcy Holmes,3,False,4,3,24,6871.26803627,True,False,False
1202924320118,2021-11-15,MPHA Family Housing Expansion Site 10,1030 Lowry Ave NE,Windom Park,1,False,6,4,6,10800.58242526,False,False,True
3502924140256,2021-11-15,MPHA Family Housing Expansion Site 4,2425 16th Ave S,East Phillips,9,False,6,5,6,10717.8424121,False,False,True
1902823240204,2021-11-15,MPHA Family Housing Expansion Site 13,5633 34th Ave S,Morris Park,12,False,6,2,6,8682.25448176,False,False,False
2402924120183,2021-12-06,Como Church Remodel,1035 14th Ave SE,Como,1,False,6,0,22,13242.62077609,True,False,False
2302924340735,2021-12-06,240 Portland,240 Portland Ave,Mill District,3,True,330,215,297,62983.45431743,False,True,True
1302924340156,2021-12-06,MPHA Family Housing Expansion Site 7,339 Pierce St NE,Beltrami,3,False,4,3,4,10010.33418091,False,False,False
2102924310015,2021-12-06,MPHA Family Housing Expansion Site 14,500 Knox Ave N,Harrison,5,False,4,3,4,9326.21822488,False,False,True
2102924310083,2021-12-06,MPHA Family Housing Expansion Site 7,400 Logan Ave N,Harrison,5,False,4,3,4,4665.47196889,False,False,True
3502924110026,2021-12-06,MPHA Family Housing Expansion Site 6,2110 16th Ave S,Ventura Village,6,False,4,4,4,8010.44320188,False,False,True
3502924310053,2021-12-06,MPHA Family Housing Expansion Site 3,2740 12th Ave S,Midtown Phillips,9,False,6,3,6,7302.43220053,False,False,True
3502924310054,2021-12-06,MPHA Family Housing Expansion Site 2,2744 12th Ave S,Midtown Phillips,9,False,6,3,6,7293.28397934,False,False,True
0302824310170,2022-01-03,,3536 Nicollet Ave,Lyndale,8,False,204,127,199,45566.40937823,False,True,True
1602924220011,2022-01-24,MPHA Family Housing Expansion Site 16,1906 25th Ave N,Jordan,5,False,4,3,4,5670.3603968,False,False,True
2202924140075,2022-01-24,Iron Store,200 2nd St N,North Loop,3,True,13,2,23,5262.33106943,False,False,True
2402924130253,2022-01-24,,1312 8th St SE,Marcy Holmes,3,False,4,4,24,7478.86970378,True,False,False
2402924130252,2022-01-24,,1314 8th St SE,Marcy Holmes,3,False,4,4,24,6910.94757467,True,False,False
0902924430092,2022-01-24,MPHA Family Housing Expansion Site 9,2807 Emerson Ave N,Jordan,5,False,6,5,6,5421.05089069,False,True,True
0102824120145,2022-02-07,The Olive,3122 Minnehaha Ave,Longfellow,9,False,44,2,54,14327.53349271,False,False,True
2102924430122,2022-02-07,,250 Fremont Ave N,Harrison,5,False,349,145,337,107036.12856958,False,False,True
1402924110066,2022-03-07,Northrup King Artist Housing,1500 Jackson St NE,Logan Park,1,False,81,81,81,307779.58903174,False,True,True
3002923240030,2022-03-07,Union Stadium Village,2630 University Ave SE,Prospect Park,2,False,610,238,924,61379.93685941,True,False,False
1602924130145,2022-03-21,The Resolute,1300 W Broadway,Jordan,5,False,71,16,71,10334.92531329,False,True,True
3402924320199,2022-03-21,,2718 Grand Ave S,Whittier,10,False,12,0,19,5171.81589211,False,False,True
1402924410204,2022-03-21,,635 Van Buren St,St. Anthony East,3,False,23,0,36,7777.58495625,False,True,True
3402924420230,2022-04-11,,2607 2nd Ave S,Whittier,10,False,12,0,15,6137.22356134,False,False,True
1411821110062,2022-04-25,,1500 44th Ave N,Webber-Camden,4,False,9,0,12,4696.02644989,False,True,True
2202924141058,2022-04-25,Intersection,310 2nd St N,North Loop,3,True,96,47,96,17431.83764498,False,False,False
1402924230071,2022-05-09,,315 13th Ave NE,Sheridan,3,False,53,56,88,10889.65182248,False,False,True
2502924430226,2022-05-09,AGRA,901 27th Ave S,Seward,6,False,155,123,233,41700.46684978,False,True,True
1102924140119,2022-05-09,,715 Lowry Ave NE,Holland,1,False,7,7,7,3586.14399406,False,False,True
1702824320075,2022-05-09,,5121 France Ave S,Fulton,13,False,28,38,25,8727.9808387,False,False,False
1802823230146,2022-05-09,Sanctuary Lofts,3225 E Minnehaha Pkwy,Keewaydin,12,False,28,5,17,40627.97604853,False,False,True
0402824120219,2022-05-23,,3001 Hennepin Ave,SOUP,10,False,272,218,245,88366.56741437,False,True,True
2402924420187,2022-06-13,The Standard Dinkytown,515 15th Ave SE,Marcy Holmes,3,False,304,154,"1,020",54946.01174317,True,False,False
1102824210132,2022-06-13,Calvary Apartments,3901 Chicago Ave,Bancroft,8,False,21,6,19,20778.48721422,False,True,True
1102824210114,2022-06-13,Elliot Apartments,3900 Elliot Ave,Bancroft,8,False,20,3,18,15581.90608548,False,True,True
2702924110162,2022-06-27,Northstar Center East,608 2nd Ave S,Downtown West,7,True,216,0,265,94138.95234012,False,False,True
3402924240115,2022-06-27,,110 W 26th Street,Whittier,10,False,15,9,15,8068.38511011,False,False,True
2202924130004,2022-06-27,Duffey Paper Block 2.0,300 6th Ave N,North Loop,3,True,358,322,359,18395.99002033,False,False,True
2102924430122,2022-06-27,,250 Fremont Ave N,Harrison,5,False,325,280,294,107036.12856958,False,False,True
3402924240113,2022-06-27,,2542 Blaisdell Ave,Whittier,10,False,27,15,27,12866.23268242,False,False,True
3502924320487,2022-07-18,,723 27th St E,Phillips,6,False,27,18,29,15683.69886616,False,True,True
0302824210134,2022-08-01,,3030 Nicollet Ave,Lyndale,8,False,110,70,117,114871.44299826,False,True,True
2702924320085,2022-08-01,,307 Oak Grove St,Loring Park,7,True,60,37,56,5972.33962998,False,False,True
3602924220123,2022-08-15,Wadaag Commons,1912 22nd St E,Seward,6,False,39,21,39,19303.67206018,False,False,True
0802824430052,2022-09-06,,2815 44th St W,Linden Hills,13,False,38,27,42,5740.49480545,False,False,False
1302924220094,2022-09-06,,1717 Central Ave NE,Northeast Park,1,False,86,86,115,32142.47552664,False,True,True
1202924310008,2022-09-06,,2318 Johnson Street NE,Windom Park,1,False,4,3,4,6222.50979412,False,False,False
1602924420178,2022-09-19,,1800 Emerson Ave N,Near North,5,False,40,40,107,49735.0400133,False,True,True
3002923240161,2022-10-17,Brickhouse Lofts/Max Apartments,150 26th Ave SE,Prospect Park,2,False,27,0,0,108900.07121731,True,False,False
1402924410037,2022-10-17,,613 Van Buren St NE,St. Anthony East,3,False,64,20,70,14827.5222255,False,True,True
0802824310128,2022-11-01,Trolley Line Condos,4352 Zenith Ave S,Linden Hills,13,False,4,8,8,10520.63670088,False,False,False
2302924330015,2022-11-01,Hennepin Co LuMINN Hotel Conversion,219 4th St S,Downtown West,7,True,55,0,55,6919.76915876,False,False,True
1502924410027,2022-11-01,,912 Marshall St NE,St. Anthony West,3,False,89,32,82,110858.46225128,False,False,True
2402924310112,2022-11-14,Hennepin Co University Inn Conversion,924 4th St SE,Marcy Holmes,3,False,45,40,41,30654.73554306,True,False,False
2002924110020,2022-12-05,Plymouth Ave Apartments (East),2309 Plymouth Ave N,Near North,5,False,38,5,45,9894.07308581,False,True,True
1702824310204,2022-12-05,,5009 Beard Ave S,Fulton,13,False,63,63,70,22569.93270729,False,False,False
2002924110040,2022-12-05,Plymouth Ave Apartments (West),1254 Russell Ave N,Near North,5,False,25,0,36,7223.0569711,False,False,True
3402924330212,2023-01-09,,550 Lake St W,Whittier,10,False,91,63,95,18021.44769161,False,True,True
1502924110035,2023-02-06,Exeter Marshall,1500 Marshall St NE,Sheridan,3,False,184,177,220,9634.73245855,False,False,True
2302824210041,2023-02-06,,5401 Chicago Ave,Hale,11,False,47,22,47,14700.18219247,False,True,True
1602924410017,2023-02-06,Satori Senior Housing,1823 Bryant Ave N,Near North,5,False,79,53,74,6818.59688337,False,True,True
3402924420498,2023-02-21,Simpson Shelter and Housing,2730 1st Ave S,Whittier,10,False,42,0,54,28289.51693133,False,True,True
1602924120171,2023-03-06,,2323 Emerson Ave N,Jordan,5,False,6,8,12,14750.46721541,False,True,True
2202824230036,2023-03-06,Hennepin Co Metro Inn Conversion,5637 Lyndale Ave S,Windom,11,False,39,19,8,35553.75836313,False,False,False
3402924240199,2023-03-20,,2409 Pillsbury Ave,Whittier,10,False,1,0,0,14877.45506198,False,True,True
2402924110227,2023-04-10,,1714 E Hennepin Ave,Como,1,False,27,24,32,14930.19259183,True,False,False
1502824210073,2023-04-10,,137 46th St W,Tangletown,11,False,4,3,4,6605.3878869,False,False,True
2102924420009,2023-04-10,Olson Court,560 Humboldt Ave N,Harrison,5,False,116,92,104,34492.77338966,False,True,True
2002924440089,2023-04-10,,2426 Inglewood Ave,Harrison,5,False,16,7,38,26738.81608294,False,False,True
3602924430030,2023-05-22,Agate Shelter and Housing,2800 27th Ave S,Longfellow,9,False,45,11,50,1922.54328453,False,False,True
3402924330212,2023-06-12,,550 Lake St W,Whittier,10,False,110,61,99,18021.44769161,False,True,True
3502924120286,2023-07-17,Native American Community Clinic Redevelopment,1213 Franklin Ave E,Ventura Village,6,False,83,81,83,88133.41882077,False,True,True
0402824120053,2023-07-17,,3016 Fremont Ave S,SOUP,10,False,78,18,77,5959.38026829,False,True,True
3502924230026,2023-07-31,,2432 Chicago Ave,Phillips West,6,False,20,0,20,6468.73839757,False,True,True
0602823320090,2023-09-05,,3561 Minnehaha Ave,Howe,12,False,32,0,36,11909.82905809,False,False,True
2602924240086,2023-09-18,,700 10th Ave S,Elliot Park,6,True,59,8,76,28176.99545146,False,False,True
1502824320026,2023-10-16,,5005 Lyndale Ave S,Tangletown,11,False,20,33,20,11541.23490988,False,False,True
3302924130117,2023-12-04,,2415 Emerson Ave S,Lowry Hill East,10,False,32,6,32,7172.55300294,False,True,True
3502924120285,2023-12-04,MIWRC Addition,2300 15th Ave S,Ventura Village,6,False,10,0,10,58869.48686565,False,False,True
2102924240153,2024-02-20,Adventures for Youth,1400 8th Ave N,Near North,5,False,8,0,8,9095.01660517,False,False,True
3502924120112,2024-02-20,Mille Lacs Mixed Use,2214 Bloomington Ave,Ventura Village,6,False,36,22,35,6099.94416182,False,False,True
1802823330153,2024-02-20,,3320 54th St E,Keewaydin,11,False,20,14,26,9930.8417926,False,False,False
